intervener,target,start,end,source,direction,type,amount,air,naval,size_naval,firing_outside,intervener_casualties,target casualties,domestic_dispute,affect_policies,social_protective,pursuit_border,economic,strategic,humanitarian,territorial,military/diplomatic,contiguity,int_contig,description,,,
560,540,19890208,19890210,1,4,5,1,0,0,9,0,40,23,1,0,0,0,0,1,0,0,0,0,1,S. Africa aids Unita opposition in Angola (GM, Xinh),,,
770,700,19890215,19960901,1,4,5,2,9,0,9,9,9999999,267,1,0,0,0,0,1,0,0,0,1,1,Pakistan military supports Mujahadeen rebels  (RIA, Reuters, UPI),,,
1014,565,19890216,19900321,4,0,2,3,9,9,9,0,11,0,0,0,0,0,0,1,1,0,0,0,0,UN (UNTAG) to supervise Namibia transition to independence (UN website),,,
500,501,19890307,19890307,1,3,5,0,4,0,9,0,0,0,0,0,0,1,0,0,0,0,0,1,1,Ugandan air attack on Kenyan Village (AP, Bercovitch),,,
501,500,19890307,19890313,1,3,5,1,0,0,9,1,0,9999999,0,0,0,1,0,0,0,0,0,1,1,Kenyan troops fire into Uganda (BBC, Bercovtich),,,
483,625,19890406,19891028,1,0,4,2,0,0,9,0,9999999,9999999,0,0,0,1,0,0,0,0,0,1,1,Chadian soldiers pursue rebels into Sudan after aborted coup (BBC, UPI, AP),,,
700,770,19890406,19900626,1,3,4,0,0,0,9,1,9999999,4,0,0,0,1,0,1,0,0,1,1,1,Afghanistan fires Scuds and RPGs into Pakistan (BC, Xinh, Reuters),,,
92,91,19890527,19890527,1,6,5,9,4,0,9,0,0,0,0,0,0,1,0,0,0,0,0,1,1,El Salvador air attack against Honduran rebels (UPI, IPS, Xinh),,,
775,800,19890606,19890606,1,0,5,0,4,0,9,0,0,0,0,0,0,1,0,0,0,0,0,1,1,Burmese planes attack Thai village-purse Karen rebels (AP, Xinh),,,
220,660,19890821,19890825,1,1,4,0,0,4,2,1,0,9,0,0,0,1,0,0,1,0,1,0,0,French warships fire in Lebanon against RJO to protect French nationals (LT, Guard., AP),,,
2,660,19890906,19890906,1,0,1,0,1,0,9,0,0,0,0,0,0,0,0,0,0,0,1,0,0,U.S evacuates diplomats from Lebanon (AP, NYT),,,
1014,90,19891101,19920131,4,0,2,2,2,9,9,0,1,0,0,1,0,0,0,1,0,0,0,0,0,UN (ONUCA) in Honduras, Costa Rica, El Salvador, Guatemala, Nicaragua (UN website),,,
1014,91,19891101,19920131,4,0,2,2,2,9,9,0,1,0,0,1,0,0,0,1,0,0,0,0,0,UN (ONUCA) in Honduras Costa Rica, El Salvador, Guatemala, Nicaragua (UN website),,,
1014,92,19891101,19920131,4,0,2,2,2,9,9,0,1,0,0,1,0,0,0,1,0,0,0,0,0,UN (ONUCA) in Honduras, Costa Rica, El Salvador, Guatemala, Nicaragua (UN website),,,
1014,93,19891101,19920131,4,0,2,2,2,9,9,0,1,0,0,1,0,0,0,1,0,0,0,0,0,UN (ONUCA) in Honduras, Costa Rica, El Salvador, Guatemala, Nicaragua (UN website),,,
1014,94,19891101,19920131,4,0,2,2,2,9,9,0,1,0,0,1,0,0,0,1,0,0,0,0,0,UN (ONUCA) in Honduras, Costa Rica, El Salvador, Guatemala, Nicaragua (UN website),,,
625,500,19891115,19891115,1,0,5,0,4,0,9,0,0,0,0,0,0,1,0,0,0,0,0,1,1,Sudanese air raid in Uganda (BBC, Xinh),,,
2,840,19891201,19891209,2,1,4,1,3,0,9,0,0,9999999,1,0,0,0,0,1,0,0,1,0,0,US aids Phillippine government after coup attempt (AP, UPI, Xinh),,,
220,581,19891215,19891216,1,3,4,1,2,4,1,0,0,0,1,0,0,0,0,1,0,0,0,0,0,France sends troops and naval vessels to take control of Comoros security (FT, WP, NYT, LM),,,
2,95,19891220,19900228,3,2,5,4,4,9,9,9,82,56,0,1,0,0,0,1,0,0,0,0,0,US removes Panamanian government (WP, NYT),,,
433,435,19891227,19900106,9,3,5,9,1,0,9,1,0,0,0,0,0,0,1,0,0,2,0,1,1,Senegal aids nationals in Mauritania after territorial dispute (UPI,Xinhua,BBC, LM),,,
435,433,19891227,19900106,9,3,5,1,1,0,9,1,0,0,0,0,0,0,1,0,0,2,0,1,1,Mauritania aids and evacuates nationals in Senegal after territorial dispute (UPI, Xinhua, BBC, LM),,,
750,770,19900312,19901221,1,3,5,1,3,0,9,1,9999999,9999999,0,0,0,0,0,0,0,1,0,1,1,India initiates firing into Pakistan after mobilizing troops in disputed territory (Globe,PLC,WP,FT),,,
770,750,19900312,19901221,9,3,5,9,9,0,9,1,9999999,9999999,0,0,0,0,0,0,0,1,0,1,1,Pakistan exchanges cross-border firing with India in Kashmir region (FT, Indep, GM),,,
220,483,19900330,19900411,3,1,5,2,4,0,9,0,9999999,9999999,1,0,0,0,0,1,0,0,1,0,0,France sends limited reinforcement to Chad to aid in repelling Libyan invasion (Reuter, UPI, WT, Xinh, LM),,,
483,625,19900509,19900516,1,0,5,2,9,0,9,0,9999999,9999999,0,0,0,1,0,0,0,0,0,1,1,Chadian troops pursue rebels from the Islamic Front into Sudan (UPI, Xinh),,,
404,433,19900519,19900523,1,3,5,9,0,0,9,1,0,2,0,0,0,0,0,0,0,1,0,1,1,Guinea-Bissau engages in border clash with Senegal over disputed territory (BBC, Xinh, LM),,,
433,404,19900519,19900523,1,3,5,9,0,0,9,1,2,0,0,0,0,0,0,0,0,1,0,1,1,Senegal engages in border clash with Guinea-Bissau over disputed territory (BBC, Xinh, LM),,,
220,481,19900524,19900602,3,0,3,1,9,0,9,0,9999999,9999999,0,0,0,0,0,1,0,0,1,0,0,France sends troops to Gabon to protect French citizens (WP, FT, Indep, OST, LM),,,
771,690,19900801,19910406,1,1,4,3,0,0,9,0,0,9999999,0,0,0,0,1,1,0,1,0,0,1,Bangladesh troops part of Persian Gulf Coalition in Kuwait (USA Today, Gulf War Chronical, Desert Shield Factbook),,,
645,690,19900802,19900227,1,3,5,4,9,0,9,0,9999999,500,0,0,0,0,1,1,0,1,0,1,1,Iraq invades Kuwait and establishes a provisional government (AP,UP, BBC),,,
2,450,19900805,19910110,1,0,3,2,3,4,1,0,9999999,9999999,0,0,0,0,0,0,1,0,1,0,0,US evacuates American citizens from Liberia during civil conflict (CSM, AP, WP),,,
2,670,19900808,19910115,1,1,3,4,3,4,2,0,28,0,0,0,0,0,1,1,0,0,0,0,0,US in Saudi Arabia to protect it from Iraqi invasion in Op. Desert Shield (US Today, Des. Shield Factbook, Gulf War Chronicle),,,
2,690,19900811,19910406,1,1,5,4,4,4,2,1,9999999,9999999,0,0,0,0,1,1,0,1,0,0,1,US restores Kuwaiti government in Desert Storm (USA Today, Gulf War Chronicle),,,
200,670,19900811,19910115,1,1,3,4,3,4,2,0,0,0,0,0,0,0,1,1,0,0,0,0,1,Britain provides troops, 36 combat, 3 recon aircraft, and large naval fleet to Saudi Arabia for Op. Desert Shield (USA Today, Gulf War Chron., Des. Shield Factbook),,,
200,690,19900811,19910406,1,1,5,4,4,5,2,1,47,9999999,0,0,0,0,1,1,0,1,0,0,1,UK troops, air, naval support for Persian Gulf Coalition in Kuwait (USA Today, Gulf War Chronicle),,,
600,670,19900811,19910115,1,1,3,2,0,0,9,0,0,0,0,0,0,0,1,1,0,0,0,0,1,Morocco provides ground and mechanized infantry troops for Op. Desert Shield in Saudi Arabia (USA Today, Gulf War Chronicle, Desert Shield Factbook, LM),,,
651,670,19900811,19910115,1,1,3,4,3,0,9,0,0,0,0,0,0,0,1,1,0,0,0,1,1,Egypt provides ground and paratroops and combat aircraft to Saudi Arabia for Op. Desert Shield (USA Today, Desert Shield Factbook, Gulf War Chronicle),,,
651,690,19900811,19910406,1,1,5,4,0,0,9,0,10,9999999,0,0,0,0,1,1,0,1,0,0,1,Egyptian troops part of Persian Gulf Coalition in Kuwait (USA Today, Gulf War Chronical, Desert Shield Factbook),,,
91,690,19900812,19910406,1,1,4,1,0,0,9,0,0,9999999,0,0,0,0,1,1,0,1,0,0,1,Honduras troops part of Persian Gulf Coalition in Kuwait (USA Today, Gulf War Chronical, Desert Shield Factbook),,,
360,690,19900812,19910406,1,1,2,1,0,0,9,0,0,9999999,0,0,0,0,1,1,0,1,0,0,1,Romania provides medical team and NBC experts as part of the Persian Gulf Coalition in Kuwait (USA Today, Gulf War Chronical, Desert Shield Factbook),,,
670,690,19900812,19910406,1,1,5,4,4,0,9,1,18,9999999,0,0,0,0,1,1,0,1,0,0,1,Saudi Arabia aids in Persian Gulf Coaltion in Kuwait (USA Today, Gulf War Chronical, Desert Shield Factbook),,,
692,690,19900812,19910406,1,1,5,2,4,0,9,1,0,9999999,0,0,0,0,1,1,0,1,0,1,1,Bahrain troops part of Persian Gulf Coalition in Kuwait (USA Today, Gulf War Chronical, Desert Shield Factbook),,,
694,690,19900812,19910406,1,1,4,3,3,0,9,0,0,9999999,0,0,0,0,1,1,0,1,0,1,1,Qatar provides troops as part of Persian Gulf Coalition in Kuwait (USA Today, Gulf War Chronical, Desert Shield Factbook),,,
696,690,19900812,19910406,1,1,5,2,3,0,9,0,6,9999999,0,0,0,0,1,1,0,1,0,0,1,UAE troops in Persian Gulf Coalition in Kuwait (USA Today, Gulf War Chronical, Desert Shield Factbook),,,
698,690,19900812,19910406,1,1,4,1,3,0,9,0,0,9999999,0,0,0,0,1,1,0,1,0,0,1,Oman provides troops as part of Persian Gulf Coalition in Kuwait (USA Today, Gulf War Chronical, Desert Shield Factbook),,,
20,670,19900813,19910115,1,1,0,0,3,4,1,0,0,0,0,0,0,0,1,1,0,0,0,0,1,Canada provides 18 combat aircraft and 3 ships to Saudi Arabia for Op. Desert Shield (USA Today, Gulf War Chronicle, Desert Shield Factbook),,,
160,670,19900813,19910115,1,1,0,9,0,4,1,0,0,0,0,0,0,0,1,1,0,0,0,0,1,Argentina provides 1 destroyer to Saudi Arabia for Op. Desert Shield (USA Today, Desert Shield Factbook, Gulf War Chronicle),,,
210,670,19900813,19910115,1,1,0,0,3,4,1,0,0,0,0,0,0,0,1,1,0,0,0,0,1,Netherlands give 18 combat aircraft and 2 frig and 1 supply ship for Op. Desert Shield (USA Today, Gulf War Chronicle, Desert Shield Factbook),,,
211,670,19900813,19910115,1,1,0,0,2,4,1,0,0,0,0,0,0,0,1,1,0,0,0,0,1,Belgium provides transport aircraft and 4 ships for Saudi Arabia in Op. Desert Shield (USA Today, Desert Shield Factbook, Gulf War Chronicle),,,
220,670,19900813,19910115,1,1,3,4,3,4,2,0,0,0,0,0,0,0,1,1,0,0,0,0,1,France provides troops and Legion, 32 combat aircraft, and large carrier group to Saudi Arabia for Op. Desert Shield (USA Today, Desert Shield Factbook, Gulf War Chronicle, LM),,,
220,690,19900813,19910406,1,1,5,4,4,4,2,1,2,9999999,0,0,0,0,1,1,0,1,0,0,1,France troops, air, navy part of Persian Gulf Coalition in Kuwait (USA Today, Gulf War Chronical, Desert Shield Factbook, LM),,,
230,670,19900813,19910115,1,1,0,0,0,4,1,0,0,0,0,0,0,0,1,1,0,0,0,0,1,Spain provides one ship for Operation Desert Shield (USA Today, Desert Shield Factbook, Gulf War Chronicle),,,
235,670,19900813,19910115,1,1,0,0,0,2,1,0,0,0,0,0,0,0,1,1,0,0,0,0,1,Portugal provides supply ship for Op. Desert Shield (USA Today, Desert Shield Factbook, Gulf War Chronicle),,,
316,670,19900813,19910115,1,1,3,1,0,0,9,0,0,0,0,0,0,0,1,1,0,0,0,0,1,Czech Republic provide a chemical defense unit and hospital unit to Saudi Arabia for Op. Desert Shield (USA Today, Desert Shield Factbook, Gulf War Chronicle),,,
325,670,19900813,19910115,1,1,0,0,3,4,1,0,0,0,0,0,0,0,1,1,0,0,0,0,1,Italy provides 8 combat aircraft, 2 frig, 1 supply ship to Saudi Arabia for Op. Desert Shield (USA Today, Desert Shield Factbook, Gulf War Chronicle),,,
350,670,19900813,19910115,1,1,0,0,0,4,1,0,0,0,0,0,0,0,1,1,0,0,0,0,1,Greece provides 1 frigate to Saudi Arabia for Op. Desert Shield (USA Today, Gulf War Chronicle, Desert Shield Factbook),,,
365,670,19900813,19910115,1,1,0,0,0,4,9,0,0,0,0,0,0,0,1,1,0,0,0,0,1,Soviet Union provides guarded missile destroyer, anti-sub warfare ship, 2 supply ships for Op. Desert Shield (USA Today, Desert Shield Factbook, Gulf War Chronicle),,,
380,670,19900813,19910115,1,0,0,0,1,0,9,0,0,0,0,0,0,0,0,0,0,0,1,0,1,Sweden evacuates foreign national from Saudi Arabia (USA Today, Desert Shield Factbook, Gulf War Chronicle),,,
390,670,19900813,19910115,1,1,0,0,0,4,1,0,0,0,0,0,0,0,1,1,0,0,0,0,1,Denmark provides 1 warship to Saudi Arabia for Op. Desert Shield (USA Today, Desert Shield Factbook, Gulf War Chronicle),,,
433,670,19900813,19910115,1,1,3,1,0,0,9,0,0,0,0,0,0,0,1,1,0,0,0,0,1,Senegal provides 500 troops for Op. Desert Shield (USA Today, Desert Shield Factbook, Gulf War Chronicle),,,
436,670,19900813,19910115,1,1,3,1,0,0,9,0,0,0,0,0,0,0,1,1,0,0,0,0,1,Niger provides infantry troops in Op. Desert Shield (USA Today, Desert Shield Factbook, Gulf War Chronicle),,,
652,670,19900813,19910115,1,1,3,4,2,0,9,0,0,0,0,0,0,0,1,1,0,0,0,0,1,Syria in Saudi Arabia to protect it from Iraqi invasion in Op. Desert Shield (USA Today, Desert Shield Factbook, Gulf War Chronicle),,,
690,670,19900813,19910115,1,1,3,9,3,0,9,0,9999999,0,0,0,0,0,1,1,0,0,1,1,1,Kuwait provides troops through the Gulf Council and 25-30 combat aircraft (USA Today, Desert Shield Factbook, Gulf War Chronicle),,,
692,670,19900813,19910115,1,1,3,9,0,0,9,0,0,0,0,0,0,0,1,1,0,0,0,1,1,Bahrain provides troops to Saudi Arabia through Gulf Council (USA Today, Desert Shield Factbook, Gulf War Chronicle),,,
694,670,19900813,19910115,1,1,3,9,0,0,9,0,0,0,0,0,0,0,1,1,0,0,0,1,1,Qatar provides troops as a gulf council member in Op. Desert Shield (USA Today, Desert Shield Factbook, Gulf War Chronicle),,,
696,670,19900813,19910115,1,1,3,9,0,0,9,0,0,0,0,0,0,0,1,1,0,0,0,1,1,UAE in Saudi Arabia to protect it from Iraqi invasion in Op. Desert Shield (USA Today, Des. Shield Factbook, Gulf War Chronicle),,,
698,670,19900813,19910115,1,1,3,9,0,0,9,0,0,0,0,0,0,0,1,1,0,0,0,1,1,Oman contributes troops through gulf council in Op. Desert Shield (USA Today, Gulf War Chronicle, Desert Shield Factbook),,,
770,670,19900813,19910115,1,0,3,2,0,0,9,0,0,0,0,0,0,0,0,1,0,0,0,0,1,Pakistan intervenes in Saudi Arabia to protect Mecca and Medina from potential Iraqi invasion (Desert Shield Factbook, Gulf War Chronicle),,,
771,670,19900813,19910115,1,1,3,2,0,0,9,0,0,0,0,0,0,0,1,1,0,0,0,0,1,Bangladesh provides troops for Saudi Arabia for Op. Desert Shield (USA Today, Desert Shield Factbook, Gulf War Chronicle),,,
900,670,19900813,19910115,1,1,0,9,0,4,1,0,0,0,0,0,0,0,1,1,0,0,0,0,1,Austrailia provides 2 frigates and 1 supply ship to Saudi Arabia for Op. Desert Shield (USA Today, Desert Shield Factbook, Gulf War Coalition),,,
920,670,19900813,19910115,1,1,9,1,2,0,9,0,0,0,0,0,0,0,1,1,0,0,0,0,1,New Zealand contributes a hospital team and one medical transport aircraft for Op. Desert Shield (USA Today, Gulf War Chronical, Desert Shield Factbook),,,
600,690,19900814,19910406,1,1,4,2,0,0,9,0,0,9999999,0,0,0,0,1,1,0,1,0,0,1,Morocco troops part of Persian Gulf Coalition in Kuwait (USA Today, Gulf War Chronical, Desert Shield Factbook),,,
2420,450,19900823,19991021,4,2,5,4,4,4,2,0,998,998,1,0,1,0,0,0,1,0,0,1,1,West African peacekeeping enter Liberia (UP, AP, Xinh),,,
770,690,19900828,19910406,1,1,5,4,0,0,9,0,0,9999999,0,0,0,0,1,1,0,1,0,0,1,Pakistan provides troops as part of Persian Gulf Coalition in Kuwait (USA Today, Gulf War Chronical, Desert Shield Factbook),,,
433,690,19900904,19910406,1,1,4,1,0,0,9,0,0,9999999,0,0,0,0,1,1,0,1,0,0,1,Senegal provides troops for Persian Gulf Coalition in Kuwait (USA Today, Gulf War Chronical, Desert Shield Factbook),,,
315,690,19900925,19910406,1,1,4,1,0,0,9,0,0,9999999,0,0,0,0,1,1,0,1,0,0,1,Czechoslovakia troops part of Persian Gulf Coalition in Kuwait (USA Today, Gulf War Chronical, Desert Shield Factbook),,,
211,517,19901004,19901101,1,1,1,1,2,0,9,0,0,0,1,0,0,0,0,1,0,0,1,0,0,Belgium troops aid Rwandan government from rebel attack (UP, AP, LM),,,
220,517,19901004,19901101,1,1,5,1,2,0,9,0,0,9999999,1,0,0,0,0,1,0,0,1,0,0,France defends Rwandan government from rebel attack (CT, WP, NYT, LM),,,
490,517,19901005,19911031,1,1,5,2,9,9,9,0,9999999,9999999,1,0,0,0,0,1,0,0,0,1,1,Zaire sends troops to aid government of Rwanda (AP, UPI, LM),,,
652,690,19901104,19910406,1,1,5,4,0,0,9,0,3,9999999,0,0,0,0,1,1,0,1,0,0,1,Syrian troops in Persian Gulf Coalition in Kuwait (USA Today, Gulf War Chronical, Desert Shield Factbook),,,
436,690,19901115,19910406,1,1,4,1,0,0,9,0,0,9999999,0,0,0,0,1,1,0,1,0,0,1,Niger provides troops as part of Persian Gulf Coalition in Kuwait (USA Today, Gulf War Chronical, Desert Shield Factbook),,,
451,690,19910116,19910406,1,1,5,1,0,0,9,0,0,9999999,0,0,0,0,1,1,0,1,0,0,1,Sierra Leone provides medical team and troops for coalition in Kuwait (USA Today, Gulf War Chronical, Desert Shield Factbook),,,
645,666,19910118,19910228,1,3,4,0,0,0,9,1,0,9999999,0,0,0,0,0,1,0,0,0,0,0,Iraqi Scud attack against Israel (WP,PAL),,,
91,93,19910201,19910201,1,3,5,0,0,5,1,1,0,2,0,0,0,0,0,0,0,1,0,1,1,Honduras fires on Nicaraguan patrol boat (UPI),,,
210,690,19910209,19910406,1,1,3,1,3,0,9,0,0,9999999,0,0,0,0,1,1,0,1,0,0,1,Netherlands provides air defense batteries as part of coalition in Kuwait (USA Today, Gulf War Chronical, Desert Shield Factbook),,,
700,690,19910211,19910406,1,1,4,1,0,0,9,0,0,9999999,0,0,0,0,1,1,0,1,0,0,1,Afghanistan troops aid Persian Gulf Coalition in Kuwait (USA Today, Gulf War Chronical, Desert Shield Factbook),,,
93,91,19910221,19910201,1,3,5,0,0,5,1,1,2,0,0,0,0,0,0,0,0,1,0,1,1,Nicaraguan forces exchange fire with Honduran troops (UPI),,,
2,645,19910222,19910228,1,3,5,4,4,9,2,1,31,998,0,1,0,0,1,1,0,0,0,0,1,US moves troops into Iraq from Saudi Arabia (USA Today, Factbook, Gulf War Chronicle),,,
200,645,19910222,19910228,1,3,5,2,4,9,2,1,9999999,998,0,1,0,0,1,1,0,0,0,0,1,Britain moves into Iraq from Saudi Arabia (Des. Shield Factbook, USA, Gulf War Chronicle),,,
220,645,19910222,19910228,1,3,5,4,4,9,2,1,2,998,0,1,0,0,1,1,0,0,0,0,1,France moves troops into Iraq from Saudi Arabia (USA Today, Desert Sheild Factbook, Gulf War Chronicle, LM),,,
2400,517,19910329,19931005,4,0,2,1,0,0,9,0,9999999,9999999,0,1,1,0,0,0,1,0,1,0,0,OAU sends peacekeeping force to Rwanda (Uppsala, AFP, IPS, WND),,,
1014,645,19910403,20030930,4,0,2,2,2,9,9,0,13,0,0,1,0,0,1,1,0,0,0,0,0,UN (UNIKOM) in Iraq for peacekeeping on Kuwaiti border (UN website),,,
1014,690,19910403,20030930,4,0,2,2,2,9,9,0,13,0,0,0,0,0,1,1,1,0,0,0,0,UN (UNIKOM) in Iraq for peacekeeping on Kuwaiti border (UN website),,,
3600,645,19910409,19961231,4,0,3,4,2,2,2,9,9999999,9999999,0,1,1,0,0,0,1,0,0,0,0,US,UK,France, Turkey under Operation Provide Comfort in N.Iraq for Kurd humanitarian aid (FT, WP, CSM),,,
438,451,19910412,19970531,1,1,5,2,0,0,9,0,9999999,9999999,0,0,0,0,1,1,1,0,0,0,1,Guinea aids Sierra Leone from Liberian invasion (NYT, GPF),,,
750,771,19910414,19910419,1,3,5,9,0,0,9,1,1,8,0,0,0,1,0,0,0,2,0,1,1,Indian border guards exchange fire with BDR (Reuters,Xinh),,,
771,750,19910414,19910419,1,3,5,0,0,0,9,1,8,1,0,0,0,0,0,0,0,2,0,1,1,Bangladeshi Rifles (BDR) crosses border to return fire on Indian border guards (Reuters, Xinh),,,
475,451,19910416,19970531,1,1,5,3,0,0,9,0,9999999,9999999,0,0,0,0,1,1,1,0,0,0,0,Nigerian peacekeeping troops in Sierra Leone to protect from Liberian invasion (Xinh, AP),,,
255,630,19910424,99999999,1,0,2,2,2,0,9,0,4,0,0,0,1,0,0,0,1,0,0,0,0,Germany sets up relief base in Iran for Iraqi refugees (WP, Advertiser),,,
1014,601,19910429,99999999,4,0,2,1,9,9,9,0,6,9999999,0,0,0,0,0,1,0,0,0,0,0,UN (MINURSO) set up to implement refrendum in Western Sahara (UN website),,,
1014,540,19910531,19950208,4,0,2,1,9,9,9,9,3,9,0,0,0,0,0,1,0,0,0,0,0,UN (UNAVEM II) verify the ceasefire between govenrnment of Angola and groups (UN website),,,
345,344,19910625,19951214,3,3,5,9,4,9,9,1,9999999,9999999,0,0,0,0,0,0,0,1,0,1,1,Yugoslavia bombs Croatia (WP, GM, USA),,,
1014,92,19910701,19950430,4,0,2,1,2,9,9,0,0,0,0,1,0,0,0,1,1,0,0,0,0,UN (ONUSAL) in El Salvador (UN website),,,
2400,500,19910710,19931101,4,0,2,1,0,0,9,0,0,0,0,0,0,0,0,1,1,0,0,0,0,OAU sends border guards and peacekeepers to Uganda's border with Rwanda (TS, AFP, RIA),,,
365,700,19910731,19951231,1,6,5,9,4,0,9,1,9999999,9999999,0,0,0,1,0,0,0,0,0,1,1,Russia attacks rebel bases in Afghanistan (Bercovitch, AP, AFP, UPI),,,
640,645,19910805,20030706,1,0,5,4,4,0,9,1,999,999,0,0,0,1,0,0,0,0,0,1,1,Turkish ground and air attacks on Kurds in Iraq, intermitent but within 6 months of each other, ended with US capture of Turkish special forces in July 2003  (UPI, AP),,,
770,750,19910824,19910902,1,3,5,9,0,0,9,1,20,10,0,0,0,0,0,0,0,1,0,1,1,Pakistani troops enter Indian zone of Kashmir (UPI, AFP),,,
211,490,19910925,19911104,1,0,1,2,1,0,9,0,0,0,0,0,0,0,0,1,1,0,1,0,0,Belgium paratroopers sent to Zaire to evacuate personnel (UPI, AP, IPS, LM),,,
220,490,19910925,19911031,1,0,1,1,2,0,9,0,1,9999999,0,0,0,0,0,1,1,0,1,0,0,France in Zaire to protect and evacuate foreign nationals (WP, GM, LM),,,
1014,811,19911001,19920331,4,0,2,2,2,9,9,0,0,0,0,1,0,0,0,1,1,0,0,0,0,UN (UNAMIC) in Cambodia (UN website),,,
220,434,19911129,19911214,1,0,2,1,9,0,9,0,0,0,0,0,0,0,0,1,1,0,0,0,0,France in Benin to protect French nationals in Togo (NYT,GN, LM),,,
775,771,19911221,19911221,1,6,5,1,0,0,9,1,9999999,2,0,0,0,1,0,0,0,0,0,1,1,Myanmar (Burmese guards) attack Bangladeshi camp (Reuter,CT) ,,,
220,483,19911224,19920107,3,1,3,2,2,0,9,0,0,9999999,1,0,0,0,0,1,0,0,0,0,1,French intervenes in Chad to protect French nationals (WP, FT, CSM, LM),,,
1014,343,19920112,19950331,4,0,2,4,2,9,9,0,9999999,0,0,0,0,0,0,1,1,0,0,0,0,UN (UNPROFOR) peace operation in Bosnia&Herz, Croatia, Fed. Rep. of Yugo, Macedonia (UN website),,,
1014,344,19920112,19950331,4,0,2,4,2,9,9,0,9999999,0,0,1,0,0,1,1,1,0,0,0,0,UN (UNPROFOR) peace op in Bosnia&Herz, Croatia, Fed. Rep. of Yugo, Macedonia (UN website),,,
1014,345,19920112,19950331,4,0,2,4,2,9,9,0,9999999,0,0,1,0,0,1,1,1,0,0,0,0,UN (UNPROFOR) peace operation in Bosnia&Herz, Croatia, Fed. Rep. of Yugo, Macedonia (UN website),,,
1014,346,19920112,19950331,4,0,2,4,2,9,9,0,9999999,0,0,1,0,0,1,1,1,0,0,0,0,UN (UNPROFOR) peace operation headquartered in Bosnia&Herz, Croatia, Fed. Rep. of Yugo, Macedonia (UN website),,,
371,373,19920129,19940525,3,3,5,4,0,0,9,1,10000,6000,0,0,0,0,1,1,0,1,0,1,1,Armenian territorial dispute in Nagorno-Karabakh with Azerbaijan (PLC, NYT, BBC, UPI),,,
1014,811,19920201,19930930,4,0,2,4,2,9,9,0,45,9999999,0,1,0,0,0,1,1,0,1,0,0,UN (UNTAC) in Cambodia (UN website),,,
775,800,19920205,19931215,1,6,5,2,3,0,9,1,0,0,0,0,0,1,0,0,0,1,0,1,1,Myanmar troops seize Karen rebel camp and maintain presence in Thai territory (NYT, Xinh),,,
220,522,19920225,19921127,2,1,3,1,2,0,9,0,0,9999999,1,0,0,0,0,1,1,0,1,0,0,France mobilized garrison force in Djibouti (NYT, Reuter, AP, AFP, LM),,,
910,940,19920312,19920912,1,6,5,1,9,2,1,1,9999999,9999999,0,0,0,1,0,0,0,0,0,1,1,Papua-New Guinea pursue rebels in Solomon Islands (AP, Reuter, Xinh),,,
344,346,19920328,19951220,1,5,5,4,3,0,9,0,9999999,60000,1,0,0,0,0,1,0,2,0,1,1,Croatian troops enter Bosnia-Herzegovina to fight Muslim-led army (HS, Reuters, AFP, BBC),,,
630,645,19920405,19920405,1,0,5,0,4,0,9,0,0,6,0,0,0,1,0,0,0,0,0,1,1,Iranian planes bomb suspected rebel bases in Iraq (TS, UPI, Xinh),,,
630,695,19920410,88888888,2,3,3,1,0,4,1,0,0,0,0,0,0,0,0,1,0,2,0,1,1,Iran seizes shared territory from United Arab Emerates (Indep,WP,GM),,,
1014,520,19920424,19930309,4,0,2,2,9,9,9,0,6,9999999,0,0,0,0,0,1,1,0,0,0,0,UN (UNOSOM I) mission to monitor ceasefire in Somalia (UN website),,,
345,346,19920427,19951220,3,4,5,2,9,0,9,1,9999999,998,1,1,0,0,9,1,0,1,0,1,1,Yugo supports rebels in Bosnia-Herzegovina (FT, Uppsala, CSM),,,
2,451,19920503,19920503,1,0,1,1,1,0,9,0,0,0,0,0,0,0,0,0,0,0,1,0,0,U.S.troops evacuate Americans from Sierra Leone (AP, Herald),,,
731,732,19920522,19920522,1,3,4,1,0,0,9,0,3,0,0,9,0,0,0,1,0,1,0,1,1,N.Korea crosses into DMZ in S.Korea (WP, NYT),,,
365,359,19920622,88888888,2,3,5,9,9,9,9,0,9999999,9999999,1,1,1,0,0,0,0,2,0,0,0,Russian troops aid Moldovan seperatist group against Moldovan government (AP, LT),,,
365,372,19920721,88888888,2,0,3,1,2,0,9,0,0,0,1,0,1,0,0,0,0,2,0,1,1,Russia in Georgia for peacekeeping in S. Ossetia dispute (FT,BBC),,,
3602,645,19920827,20030319,4,3,3,0,4,2,2,9,0,9999999,0,1,1,0,1,1,1,0,0,0,1,UK, US, and France perform reconnaissance flyovers and give humanitarian aid for Operation Southern Watch in S. Iraq (WP,Picayune,globalsecurity.org),,,
2310,702,19920907,19921116,4,1,5,2,3,0,9,0,4,9999999,0,0,0,1,0,1,0,0,0,0,0,CIS protects Tajik border from Afghan fighters (RPD, FT, CSM),,,
670,694,19920930,19921220,1,3,5,9,0,0,9,1,0,2,0,0,0,0,0,0,0,1,0,1,1,Saudi Arabia forces attack Qatar military post (AP,TS),,,
1014,344,19921020,20021231,4,0,2,1,9,9,9,0,0,0,0,1,0,0,0,1,0,0,1,0,0,UN (UNMOP) in Prevlaka peninsula in Croatia for peacekeeping in dispute (UN website),,,
1014,345,19921020,20021231,4,0,2,1,9,9,9,0,0,0,0,1,0,0,0,1,0,0,1,0,0,UN (UNMOP) in Prevlaka peninsula in Yugo for peacekeeping in dispute (UN website),,,
1014,541,19921206,19941215,4,0,2,3,9,9,9,0,23,0,0,0,0,0,0,1,0,0,0,0,0,UN (ONUMOZ) implement peace agreement in Mozambique (UN website),,,
2,520,19921209,19940325,1,0,5,4,4,2,9,9,205,9999999,0,0,0,0,0,0,1,0,0,0,0,U.S. troops give humanitarian relief to Somalia (Xinh, UP, AP) ,,,
220,520,19921209,19930301,1,0,5,2,2,2,9,0,9999999,9999999,0,0,0,0,0,0,1,0,0,0,0,French troops land in Somalia on humanitarian mission (AFP, AP, LM),,,
325,520,19921211,19930301,1,0,5,2,9,9,9,0,9999999,9999999,0,0,0,0,0,0,1,0,0,0,0,Italian troops enter Somalia on humanitarian mission (AP,UP),,,
433,404,19921212,19921212,1,0,5,0,4,0,9,0,0,0,0,0,0,1,0,0,0,0,0,1,1,Sengalese planes attack village in Guinea-Bissau (AFP, BBC, LM),,,
20,520,19921215,19920401,1,0,5,1,2,9,9,0,0,9999999,0,0,0,0,0,0,1,0,0,0,0,Canada sends soldiers to assist humanitarian mission in Somalia (MHL, FP, TS),,,
645,690,19930110,19930111,1,0,2,1,0,0,9,0,0,0,0,0,0,0,1,0,0,0,0,1,1,Iraq crosses into Kuwait to retrieve military equipment (AP, Xinh),,,
211,490,19930129,19930131,1,0,1,1,2,0,1,0,9999999,9999999,0,0,0,0,0,1,0,0,1,0,1,Belgium evacuates nationals from Zaire (Observer),,,
220,490,19930129,19930131,1,0,1,1,2,0,1,0,9999999,9999999,0,0,0,0,0,1,0,0,1,0,1,French operation to protect citizens in Zaire (AFP, Observer, LM),,,
220,517,19930209,19930318,3,1,4,1,2,9,9,0,9999999,9999999,0,0,0,0,0,1,0,0,1,0,0,French troops sent to Rwanda to reinforce existing troops and protect and evacuate French nationals (AP, Indep, UP, LM),,,
483,436,19930218,19930218,1,6,5,1,0,0,9,0,1,0,0,0,0,1,0,0,0,0,0,1,1,Chad forces pursue rebels into Niger (BBC, LM),,,
365,372,19930221,19930814,1,3,5,2,4,4,2,0,0,0,1,1,1,0,0,1,0,1,0,1,1,Russian support for Abkhazia (Neuman and Solodvnikin),,,
2,346,19930228,19960109,1,0,2,0,2,0,9,0,0,0,0,0,0,0,0,0,1,0,0,0,0,US planes drop food in Bosnia-Herzegovina  (TS, Xinh, UP)    ,,,
630,645,19930314,19930808,1,6,5,1,4,9,9,0,0,0,0,0,0,1,0,0,0,0,0,1,1,Iranian forces attack Kurdish rebel bases in Iraq (AFP, Xinh),,,
220,346,19930322,19960109,1,0,2,0,2,9,9,0,0,0,0,0,0,0,0,0,1,0,0,0,0,French planes drop food and medicine into Bosnia (Xinh, AP, LM),,,
255,346,19930329,19960109,1,0,2,0,2,9,9,0,0,0,0,0,0,0,0,0,1,0,0,0,0,German planes drop food and medicine into Bosnia (Xinh, UP),,,
1014,520,19930331,19950331,4,0,3,4,9,9,9,0,149,9999999,0,0,0,0,0,1,1,0,1,0,0,UN (UNOSOM II) mission to Somalia to provide humanitarian relief and security (UN website),,,
910,940,19930408,19930412,1,3,5,1,0,9,9,0,0,0,0,0,0,1,0,0,0,1,0,1,1,Papua New Guinea troops attack village in Solomon Islands (Xinh, UP),,,
1060,346,19930412,19951220,4,1,4,0,4,0,9,0,0,0,0,1,0,0,0,1,1,0,0,0,0,NATO air strikes against Bosnian Serbs as part of Op. Deny Flight (AFP, Xinh),,,
1014,500,19930622,19940921,4,0,2,1,9,9,9,0,0,0,0,0,0,0,0,1,0,0,0,0,0,UN (UNOMUR) monitor the border between Uganda and Rwanda (UN website),,,
1014,517,19930622,19940921,4,0,2,1,9,9,9,0,0,0,0,0,0,0,0,1,0,0,0,0,0,UN (UNOMUR) monitor the border between Uganda and Rwanda (UN website),,,
1014,372,19930824,88888888,4,0,2,1,9,9,9,0,6,5,0,0,0,0,0,1,0,0,1,0,0,UN (UNOMIG) to ensure ceasefire between Georgia government and the Abkaz (UN website),,,
1014,41,19930901,19960603,4,0,2,3,2,9,9,0,6,0,0,1,0,0,1,1,1,0,0,0,0,UN (UNMIH) in Haiti (UN website),,,
630,373,19930903,19931025,1,1,3,9,0,0,9,0,0,0,0,0,0,0,1,1,0,0,0,1,0,Iranian forces sent to guard dams in Azerbaijan and provide humanitarian aid (AFP, AP, Xinh),,,
1014,450,19930922,19970930,4,0,2,1,9,9,9,0,0,0,0,0,0,0,0,0,1,0,0,0,0,UN (UNOMIL) established to give humanitarian aid to Liberia (UN website),,,
1014,517,19931005,19960308,4,0,2,2,9,9,9,0,25,9999999,0,0,0,0,0,1,0,0,0,0,0,UN (UNAMIR) to help implement Arusha peace treaty  (UN website),,,
365,372,19931020,19931106,1,1,3,2,3,0,9,0,9999999,9999999,1,1,0,0,0,1,0,1,0,0,0,Russian support of Tblisi government in Georgia (Neuman and Solodvnikin),,,
771,750,19931127,19931127,1,0,5,9,0,0,9,1,0,0,0,0,0,0,0,0,0,1,0,1,1,Bangladesh soldiers shoot Indian farmers and clash with Indian border guards (AFP, AP),,,
475,471,19931221,20060801,1,2,5,2,9,4,9,1,33,11,0,0,0,0,0,0,0,1,0,1,1,Nigeria occupies part of Cameroon in territorial dispute (AFP, African Security Review),,,
640,630,19940128,19940128,1,0,5,0,4,0,9,0,0,0,0,0,0,1,0,0,0,0,0,1,1,Turkey bombs PKK in Iran (AP, AFP),,,
1014,483,19940504,19940613,4,0,2,1,9,9,9,0,0,0,0,1,0,0,0,1,0,0,0,0,,UN (UNASOG) in Chad concerning peace agreement on Aouzou Strip (UN website),,,
1014,483,19940512,19940606,4,0,2,1,9,9,9,0,0,0,0,0,0,0,0,1,0,0,0,0,0,UN (UNASOG) to monitor the withdrawal of Libyan troops from the Aouzou strip (UN website),,,
345,343,19940614,19940631,1,3,4,9,3,0,9,0,1,0,0,0,0,0,0,0,0,1,0,1,1,Yugoslavia sets up reconnaissance posts in Macedonia, leading to some firing (Xinh, AFP, AP),,,
365,372,19940623,88888888,1,0,3,2,2,9,9,0,0,0,1,0,1,0,0,1,0,1,0,1,1,Russia peacekeeping operation in Abkhazia (BBC, Reuters, AFP),,,
220,490,19940624,19940821,1,0,3,2,1,0,9,0,9999999,9999999,0,0,1,0,0,1,1,0,0,0,1,France aid in refugee camps in Goma, Zaire (UPI, AFP, Indep, LM),,,
220,517,19940624,19940821,1,0,5,2,1,0,9,0,9999999,9999999,0,0,1,0,0,1,1,0,1,0,0,French Operation Turquoise  (UPI),,,
2,490,19940730,19940930,1,0,3,2,2,0,9,0,0,0,0,0,0,0,0,0,1,0,0,0,1,US troops provide humanitarian assistance in Zaire (Reuters),,,
2,517,19940730,19940930,1,0,3,2,2,0,9,0,0,0,0,0,0,0,0,0,1,0,0,0,0,US provides humanitarian relief in Rwanda (UPI, WP),,,
20,517,19940730,19940930,1,0,3,1,9,0,9,0,0,0,0,0,0,0,0,0,1,0,0,0,0,Canada carries out humanitarian mission in Rwanda, not under UN command (NYT),,,
775,771,19940730,19940730,1,6,3,1,0,0,9,0,0,0,0,0,0,1,0,0,0,0,0,1,1,Burmese troops lay landmines inside Bangladesh territory (Reuters),,,
2,41,19940919,19950331,1,3,4,4,3,4,2,0,9999999,9999999,1,0,0,0,0,1,1,0,0,0,0,US restores democratically elected government in Haiti  (UPI, AP),,,
3040,41,19941003,19950331,4,1,3,4,9,9,9,0,0,9999999,0,1,0,0,0,0,1,0,0,0,0,Multinational force, under US command, attempts to restore elected government in Haiti, 6 Carribean nations and Bangledesh (Xinh, AP, ITAR),,,
2,690,19941008,19941224,1,1,4,4,3,4,2,0,0,0,0,0,0,0,0,1,0,0,0,0,0,US build up in Kuwait to respond to Iraqi border build-up (UPI, AP),,,
3900,910,19941008,19941019,4,0,3,1,2,0,9,0,0,0,0,0,0,0,0,1,1,1,0,0,0,South Pacific peacekeeping force in Papua New Guinea (Bougainville) during peace conference (SMH, Xinh) ,,,
200,690,19941010,19941224,1,1,3,2,2,4,1,0,0,0,0,0,0,0,1,1,0,0,0,0,0,UK bolster US forces opposing Iraq border buildup (Reuters, APF),,,
220,690,19941011,19941031,1,1,3,0,0,4,1,0,0,0,0,0,0,0,1,1,0,0,0,0,0,French send frigate to aid force in defending Kuwait (UPI),,,
698,690,19941011,19941224,1,1,3,0,0,4,1,0,0,0,0,0,0,0,1,1,0,0,0,0,0,Oman sends naval forces to defend Kuwait (UPI, Xinh) ,,,
692,690,19941012,19941224,1,1,3,0,3,4,1,0,0,0,0,0,0,0,1,1,0,0,0,0,0,Bahrain sends naval and air force to defend Kuwait (UPI, Xinh),,,
695,690,19941012,19941224,1,1,3,1,3,0,9,0,0,0,0,0,0,0,1,1,0,0,0,0,0,UAE sends troops and 6 mirages to defend Kuwait (UPI, AFP),,,
630,645,19941107,19941109,1,6,5,0,4,0,9,0,0,0,0,0,0,1,0,0,0,0,0,1,1,Iran attacks rebel bases in Northern Iraq (AFP),,,
1014,702,19941204,20000515,4,0,2,1,2,9,9,0,3,0,0,1,0,0,0,1,1,0,0,0,0,UN (UNMOT) in Tajikistan after civil war (UN website),,,
670,679,19941207,19950110,1,3,5,9,0,0,9,1,40,17,0,0,0,0,0,0,0,1,0,1,1,Saudi Arabia clashes over southern provinces being claimed by Yemen (UPI, AFP, Reuters),,,
679,670,19941207,19950110,1,3,5,9,0,0,9,1,17,40,0,0,0,0,0,0,0,1,0,1,1,Yemen clashes with Saudi Arabia over ill-defined demarcation line (UPI, AFP, Reuters),,,
130,135,19950109,19950407,1,3,5,1,4,0,9,1,40,10,0,0,0,0,0,0,0,1,0,1,1,Ecudor bombs Peru over border dispute (AFP, DP),,,
135,130,19950109,19950407,1,3,5,2,4,0,9,1,10,40,0,0,0,0,0,0,0,1,0,1,1,Peru carries out air raids against Ecuador in border conflict (IPS, DP, AFP),,,
1014,540,19950201,19970630,4,1,2,2,9,9,9,0,9999999,9999999,0,1,0,0,0,1,0,0,0,0,,UN (UNAVEM III) in Angola to restore peace and reconciliation (UN website),,,
3500,520,19950208,19950303,1,0,5,2,3,1,2,0,2,3,0,0,0,0,0,1,0,0,1,0,0,Operation United Shield, under US command, evacuate UN troops in Somalia (AFP, CENTCOM History),,,
1014,343,19950331,19990228,4,0,2,2,2,9,9,0,3,0,0,1,0,0,0,1,1,0,1,0,0,UN (UNPREDEP) mission to Macedonia (UN website),,,
1014,344,19950331,19960115,4,1,2,3,2,9,9,0,16,0,0,1,0,0,1,1,1,0,0,0,0,UN (UNCRO) in Croatia to monitor ceasefire and facilitate implementation of economic agreement (UN website),,,
200,540,19950420,19950720,1,0,3,1,2,2,1,0,9999999,9999999,0,0,0,0,0,0,1,0,0,0,0,British peacekeeping troops provide assistance in Angola (NYT, AP, Indep),,,
800,775,19950503,19950506,1,0,5,9,4,0,9,1,1,0,0,0,0,1,0,0,0,0,0,1,1,Thai border attack against Karen rebels (UPI),,,
516,510,19950616,19960112,1,6,5,9,0,0,9,1,0,0,0,0,0,1,0,0,0,0,0,1,1,Burundi pursues Hutu rebels into Tanzania (IPS, AFP, Xinh),,,
80,90,19950827,19950911,1,3,3,9,9,9,9,0,9999999,9999999,0,0,0,0,0,0,0,1,0,1,1,Belize border guards attack Guatemala village (DP, UPI, AFP),,,
220,581,19951004,19951008,1,1,5,1,3,2,1,0,9999999,9999999,1,0,0,0,0,1,0,0,0,0,0,France intervenes to reverse coup in Comoros (DP, AP, LM),,,
101,100,19951029,19951224,1,0,4,9,3,0,9,0,9999999,9999999,0,0,0,1,0,0,0,0,0,1,1,Venezuela troops cross into Colombia in pursuit of guerillas (UPI) ,,,
531,679,19951216,19981101,1,3,5,1,0,4,9,0,12,15,0,0,0,0,0,1,0,1,0,1,1,Eritrea captures Hanish island after conflict with Yemen (AFP),,,
1014,346,19951220,20021231,4,0,2,2,2,9,9,0,1,0,0,1,0,0,1,1,1,0,0,0,0,UN (UNMIBH) in Bosnia-Herzegovina, peacekeeping (UN website),,,
1060,346,19951220,19961220,4,1,4,4,4,0,9,0,9999999,9999999,0,0,0,0,0,1,1,0,0,0,0,NATO (IFOR) Operation Joint Endeavor (Reuters, NATO website),,,
800,775,19951230,19951230,1,0,5,9,0,0,9,1,9999999,9999999,0,0,0,1,0,0,0,0,0,1,1,Thailand fires across border on Karen rebels (JEN),,,
1014,344,19960115,19980115,4,0,2,3,9,9,9,0,9999999,9999999,0,1,1,0,0,1,1,0,1,0,0,UN (UNTAES) in E. Slavonia, Baranja, W. Sirmium (UN website),,,
2,450,19960409,19960618,1,0,1,1,1,2,1,0,0,0,0,0,0,0,0,0,0,0,1,0,0,Operation Assured Response by US to evacuate 2444 people from Liberia (globalsecurity.org),,,
731,732,19960517,19960614,1,0,4,1,0,4,1,0,0,0,0,0,0,0,0,0,0,1,0,1,1,North Korean troops in dmz and boats in South Korean waters (AFP, AS),,,
220,482,19960519,19970105,3,1,3,2,0,0,9,0,0,0,1,0,0,0,0,1,1,0,0,0,1,France intervenes in internal conflict in the Central African Republic (AFP, FT, AP),,,
2,482,19960521,19960731,1,0,1,1,1,0,9,0,0,0,0,0,0,0,0,0,0,0,1,0,0,US evacuates nationals and protects embassy in the Central African Republic (UPI),,,
1014,41,19960701,19970731,4,0,2,2,2,9,9,0,0,0,0,1,0,0,0,0,1,0,0,0,0,UN (UNSMIH) in Haiti (UN website),,,
630,645,19960727,19960731,1,0,5,2,0,0,9,0,0,0,0,0,0,1,0,0,0,0,0,1,1,Iran carries out raids against Kurdish rebels in Iraq (GN),,,
2,690,19960918,19961215,3,1,4,2,3,2,2,1,0,0,0,0,0,0,1,1,0,0,0,0,1,US buildup of troops in Kuwait after Iraq's provocation (SDUT, Reuters),,,
490,517,19960922,19960924,1,3,5,9,0,0,9,1,9999999,9999999,0,0,0,0,0,1,0,0,0,1,1,Zaire shells across border into Rwanda (Reuters),,,
517,490,19960922,19980801,1,3,5,9,0,0,9,1,9999999,9999999,0,0,1,0,0,1,0,0,0,1,1,Rwandan troops enter Zaire after cross border firing to assist Tutsi rebels (AFP, Reuters, LAT),,,
516,490,19961106,199705170,1,3,5,9,0,0,9,0,9999999,9999999,0,0,0,1,0,1,0,0,0,1,1,Zaire accuses Burundi, whose troops are aiding Tutsi rebels (NYT),,,
490,500,19961111,19961201,1,3,4,9,0,0,9,0,9999999,9999999,1,0,0,0,0,1,0,0,0,1,1,Zaire engages in cross border raids against Uganda (AP),,,
500,490,19961130,19980801,1,3,5,9,0,0,9,0,9999999,9999999,0,0,0,1,0,1,0,0,0,1,1,Uganda troops cross into Zaire to attack rebel bases  (Herald, Reuters),,,
1016,346,19961220,20051202,4,1,3,4,9,0,9,0,9999999,9999999,0,0,0,0,0,1,1,0,0,0,0,SFOR Stabilisation Force (http://www.nato.int/sfor/index.htm. Accessed on 8/9/2007),,,
1014,90,19970101,19970531,4,0,2,1,2,9,9,0,0,0,0,1,0,0,0,0,1,0,0,0,0,UN (MINUGUA) in Guatemala (UN website),,,
3601,645,19970101,20030501,4,0,4,0,3,0,9,1,9999999,9999999,0,1,1,0,0,0,1,0,0,0,1,Op Northern Watch to defend no-fly zone in Northern Iraq and provide humanitarian aid to Kurds in N. Iraq  (globalsecurity.org),,,
775,800,19970104,19970321,1,0,4,1,0,0,9,1,9999999,9999999,0,0,0,1,0,0,0,0,0,1,1,Burmese mortar attack on ethnic Karen refugees in Thailand (DP, AP),,,
530,625,19970112,19970424,1,3,5,9,4,0,9,1,0,0,0,0,0,1,0,1,0,1,0,1,1,Ethiopia bombards Sudan and captures POWs (BBC, AFP) ,,,
531,625,19970112,19970424,1,3,5,9,9,0,9,1,999,999,0,1,0,1,0,1,0,1,0,1,1,Eritrea attacks rebels in Sudan (AFP),,,
3482,482,19970208,19980415,4,1,2,1,9,9,9,0,0,99999,1,0,0,0,0,1,1,0,0,0,0,MISAB peacekeeping operation in Central African Republic (IT, AFP),,,
800,775,19970220,19970220,1,2,5,0,0,9,9,1,9999999,100,0,1,1,0,0,0,0,0,0,1,1,Thailand shelling in Burma to prevent border crossings (AP),,,
540,490,19970301,20021215,1,3,5,2,2,0,9,0,9999999,9999999,1,0,0,0,0,1,0,0,0,1,1,Angola intervenes in Congo in support of rebel leader Laurent Kabila (AP),,,
2,339,19970312,19970314,1,0,1,1,1,2,1,0,9999999,9999999,0,0,0,0,0,0,1,0,1,0,0,US evacuates American citizens from Albania (GNL),,,
200,339,19970312,19970314,1,0,1,1,1,2,1,0,9999999,9999999,0,0,0,0,0,0,1,0,1,0,0,Britain evacuates nationals from Albania (AP, Xinh),,,
220,339,19970312,19970314,1,0,1,1,1,2,1,0,9999999,9999999,0,0,0,0,0,0,1,0,1,0,0,France evacuates nationals from Albania (UPI, Xinh),,,
255,339,19970312,19970314,1,0,1,1,1,1,1,0,9999999,9999999,0,0,0,0,0,0,1,0,1,0,0,Germany evacuates foreign nationals from Albania (DP),,,
325,339,19970312,19970314,1,0,1,1,1,1,1,0,9999999,9999999,0,0,0,0,0,0,1,0,1,0,0,Italian warships used to evacuate nationals from Albania (AFP),,,
350,339,19970314,19970314,1,0,1,1,1,1,1,0,0,0,0,0,0,0,0,0,1,0,1,0,1,Greek evacuates foreign nationals from Albania (AP),,,
640,339,19970316,19970316,1,0,1,1,0,1,1,0,0,0,0,0,0,0,0,0,1,0,1,0,1,Turkey evacuates 300 citizens from Albania (Herald- Glasgow, Xinh),,,
3300,339,19970411,19970811,4,1,3,3,9,9,9,0,0,0,0,0,0,0,0,0,1,0,0,0,0,Multinational Force arrives in Albania (UPI),,,
500,625,19970414,19970420,1,6,5,2,9,9,9,0,300,60,0,1,0,1,0,0,0,0,0,1,1,Ugandan soldiers cross into Sudan in pursuit of rebels (AFP),,,
371,373,19970419,88888888,9,3,5,0,0,0,9,1,9999999,9999999,0,0,1,0,0,0,0,1,0,1,1,Armenia shells Azerbaijani territory (AP),,,
130,135,19970513,19970513,1,3,4,1,0,0,9,0,0,0,0,0,0,0,0,0,0,1,0,1,1,Ecuadorean soldiers plant mines in Peru (AFP, Xinh),,,
2420,451,19970529,20000404,4,1,5,4,4,5,2,0,9999999,9999999,1,0,0,0,0,1,1,0,0,0,0,ECOMOG aids in ending war in Sierra Leone and subsequent peacekeeping (DP, AFP, Xinh),,,
2,451,19970530,19970601,1,0,1,1,1,1,1,0,0,0,0,0,0,0,0,0,1,0,1,0,0,US evacuates civilians from Sierra Leone (DP, Xinh),,,
220,451,19970601,19970604,1,0,1,1,0,1,1,0,0,0,0,0,0,0,0,0,1,0,1,0,1,France evacuates diplomats from Sierra Leone (AFP),,,
220,484,19970609,19970617,1,0,1,9,1,0,9,0,9999999,0,0,0,0,0,0,0,1,0,1,0,1,"France evacuates foreigners and citizens as part of the ""Pelican Operation"" in Congo (VS, Xinh, FT, LM)",,,
2,484,19970610,19970618,1,0,1,1,1,9,9,0,0,0,0,0,0,0,0,0,0,0,1,0,1,US evacuates diplomats from Congo (BBN, TN),,,
900,811,19970611,19970611,1,0,1,1,1,0,9,0,0,0,0,0,0,0,0,0,0,0,1,0,0,Austrailian troops evacuate nationals from Cambodia and provide humanitarian assistance (CM),,,
1014,540,19970630,19990226,4,0,2,2,9,9,9,0,9,9999999,0,0,0,0,0,1,1,0,0,0,0,UN (MONUA) mission established to monitor peace and reconciliation in Angola (UN website),,,
1014,540,19970730,19990226,4,1,2,2,9,9,9,0,14,0,0,1,0,0,0,1,0,0,0,0,,UN (MONUA) in Angola took over for UNAVEM III mission to restore peace and reconciliation and provide confidence building measures (UN website),,,
1014,41,19970801,19971130,4,0,2,1,2,9,9,0,0,0,0,1,0,0,1,1,1,0,1,0,0,UN (UNTMIH) transition mission in Haiti (UN website),,,
510,516,19970928,19971027,1,0,5,9,0,4,1,1,0,0,0,0,0,1,0,0,0,0,0,1,1,Tanzanian soldiers attacks Burundian troops along border (AFP, AP),,,
516,510,19970928,19971027,1,0,5,9,0,9,0,1,999,999,0,0,0,1,0,0,0,0,0,1,1,Burundi troops attack civilians in Tanzania (AFP, AP),,,
630,645,19970929,19970929,1,0,5,0,4,0,9,0,0,9999999,0,0,0,1,0,0,0,0,0,1,1,Iran carries out air raids against opposition group in Iraq (Xinh, DP),,,
3901,910,19971117,19980430,4,1,2,1,2,0,9,0,0,9999999,0,0,1,0,1,1,1,0,0,0,1,Truce Monitoring Group (NZ led) act as peacekeepers during negotiations in Bougainville, Papua New Guinea (DP, BBC, AFP),,,
101,100,19971121,19971122,1,0,4,1,0,0,9,0,0,0,0,1,0,0,0,1,0,0,0,1,1, Venezuelan troops burn poppy fields in Colombia and destroy other property (BBC),,,
471,475,19980302,19980413,1,2,5,9,4,9,9,1,2,18,0,0,0,0,1,1,0,1,0,1,1,Cameroon attacks Nigeria using helicopter mounted machine guns in territorial dispute (AP, AFP),,,
775,800,19980323,19980323,1,0,5,1,0,0,9,1,0,0,0,0,0,1,0,0,0,0,0,1,1,Burma attacks Karen rebel base in Thailand with mortars after infiltrating the area (DP, AP),,,
1014,482,19980415,20000215,4,0,2,2,9,0,9,0,2,0,0,0,0,0,0,1,0,0,0,0,0,UN (MINURCA) maintain security in the Central African Republic (UN website),,,
750,770,19980420,19980420,9,3,4,9,0,0,9,1,0,0,0,0,0,0,0,0,0,1,0,1,1,Indian troops fire on Pakistani troops along Kashmir border (AP),,,
3902,910,19980430,20030630,4,1,2,1,0,0,9,0,0,99999,0,0,0,0,0,1,1,0,0,0,0,Australian led peace monitoring group takes over for Truce M Group in Bougainville (Australian Foreign Ministry),,,
670,679,19980523,19980720,1,3,5,9,9,2,9,0,0,12,0,0,0,0,0,0,0,1,0,1,1,Saudi Arabia occupies Yemeni territory in dispute (AP, AFP),,,
530,531,19980605,20010222,1,3,5,4,4,0,9,1,9999999,9999999,0,0,0,0,0,0,0,1,0,1,1,Ethiopia exchanges fire in border war with Eritrea (DP, AFP, BBC),,,
531,530,19980605,20010222,1,3,5,4,4,0,9,1,9999999,9999999,0,0,0,0,0,0,0,1,0,1,1,Eritrean planes bomb Ethiopia and cross into Ethiopian territory (CH, AP, KNS),,,
2,531,19980606,19980609,1,0,1,1,1,0,9,0,0,0,0,0,0,0,0,0,0,0,1,0,0,US evacuates Americans from Eritrea (AP, AFP, UPI),,,
255,531,19980606,19980607,1,0,1,1,1,0,9,0,0,0,0,0,0,0,0,0,0,0,1,0,0,Germany evacuates European nationals from Eritrea (DP, AFP, UPI),,,
325,531,19980606,19980608,1,0,1,1,1,0,9,0,0,0,0,0,0,0,0,0,0,0,1,0,0,Italy evacuates nationals from Eritrea (AP, AFP, UPI),,,
365,531,19980606,19980607,1,0,1,1,1,0,9,0,0,0,0,0,0,0,0,0,0,0,1,0,0,Russia evacuates nationals from Eritrea (AP, AFP, UPI),,,
200,531,19980607,19980607,1,0,1,1,1,0,9,0,0,0,0,0,0,0,0,0,0,0,1,0,0,UK evacuates nationals from Eritrea (AFP, AP, UPI),,,
210,531,19980607,19980607,1,0,1,1,1,1,1,0,0,0,0,0,0,0,0,0,0,0,1,0,0,Netherlands evacuates nationals from Eritrea (DP, AFP, UPI),,,
220,531,19980607,19980607,1,0,1,1,1,1,1,0,0,0,0,0,0,0,0,0,0,0,1,0,0,France airlifts foreign nationals from Eritrea capital (AFP),,,
433,404,19980609,19990316,1,1,3,2,0,0,9,0,10,0,0,0,0,0,0,1,0,0,0,1,0,Senegal aids Guinea-Bissau's government to help contain a military rebellion (AP, AFP),,,
438,404,19980609,19990316,1,1,3,1,0,0,9,0,9999999,9999999,0,0,0,0,0,1,0,0,0,1,0,Guinea aids the government of Guinea-Bissau to contain a military rebellion (AP, AFP),,,
235,404,19980611,19980611,1,0,1,1,0,1,1,0,0,0,0,0,0,0,0,0,0,0,1,0,0,Lisbon sends frigate to aid Guinea-Bissau government (DP, Agentur),,,
220,404,19980615,19980615,1,0,1,1,0,1,1,0,0,0,0,0,0,0,0,0,0,0,1,0,0,France evacuates nationals from Guinea-Bissau (Xinh, TASS, LM),,,
1014,451,19980713,19991022,4,0,2,1,0,0,9,0,0,0,0,0,0,0,0,0,1,0,0,0,0,UN (UNOMSIL) monitor the military and security situation in Sierra Leone (UN website),,,
900,910,19980720,19980730,1,1,2,1,2,0,9,0,0,0,0,0,0,0,0,0,1,0,0,0,0,Australian begins relief task in PNG following tidal wave (AP),,,
920,910,19980721,19980801,1,1,2,1,2,0,9,0,0,0,0,0,0,0,0,0,1,0,0,0,0,New Zealand provides relief to Papua-New Guinea following tidal wave (Dominion, ES),,,
2,910,19980723,19980801,1,1,2,1,2,0,9,0,0,0,0,0,0,0,0,0,1,0,0,0,0,US gives aid to Papua-New Guinea following tidal wave disaster (FDAD, Canberra),,,
531,625,19980728,19980728,1,3,5,9,0,0,9,1,9999999,9999999,1,1,0,0,0,0,0,0,0,1,1,Eritrea bombards Sudanese town in border clash (AP, Xinh),,,
500,490,19980801,20030426,2,4,5,4,0,0,9,0,9999999,9999999,0,0,0,0,1,1,0,0,0,1,1,Uganda sends troops to DRC to support groups opposed to Kabila (AP, Xinh, DP),,,
517,490,19980801,20021005,2,4,5,4,2,0,9,0,9999999,9999999,0,0,0,0,1,1,0,0,0,1,1,Rwanda sends troops to support DRC government opposition groups (AP, Xinh),,,
130,135,19980806,19981026,1,3,3,1,0,0,9,0,0,0,0,0,0,0,0,0,0,1,0,1,1,Ecuador troops cross border into Peru (AP, AFP),,,
2,710,19980810,19980810,1,1,2,0,2,0,9,0,0,0,0,0,0,0,0,0,1,0,0,0,0,US Air Force delivers relief to China after devastating flood (M2, Comm),,,
2450,490,19980818,20021030,4,1,5,4,4,0,9,0,9999999,9999999,1,0,0,0,0,1,0,0,0,0,0,SADC (Namibia,Zimbabwe,Angola) aid Kabila in Congo against rebels (AFP, Xinh),,,
2,625,19980820,19980820,1,3,4,0,0,5,1,1,0,9999999,0,1,0,0,0,1,0,0,0,0,0,US carries out air strikes against suspected terrorist facilities in Sudan (TNS, PI),,,
2,700,19980820,19980820,1,3,4,0,0,5,1,1,9999999,9999999,0,1,0,0,0,1,0,0,0,0,0,US uses cruise missiles to attack suspected terrorist facilities (Xinh, IP, DP),,,
620,490,19980830,19980830,1,0,1,0,1,0,9,0,0,0,0,0,0,0,0,0,1,0,0,0,0,Libyan plane evacuates stranded Arabs from Congo (AP),,,
625,490,19980915,19990905,1,1,5,2,4,0,9,0,9999999,9999999,1,0,0,1,0,1,0,0,0,0,0,Sudan sends troops to DRC in support of Kabila (AP, AFP),,,
770,700,19980916,19980918,1,3,5,0,4,0,9,0,0,9999999,0,0,0,0,0,1,0,0,0,1,1,Pakistani air raids intended to aid Taliban government in Afghanistan (TASS),,,
2450,570,19980922,19990515,4,1,5,2,2,0,9,0,9,18,1,1,0,0,0,1,0,0,0,0,0,SADC peacekeepers in Lesotho (AFP, DP, BBC),,,
2,450,19980925,19980925,1,0,1,0,1,0,9,0,0,0,1,0,0,0,0,0,0,0,0,0,0,US evacuates opposition militia member from Liberia (NYT),,,
483,490,19980929,19990527,1,1,5,2,2,0,9,0,9999999,9999999,1,0,0,0,0,0,0,0,0,0,0,Chad intervenes in DRC in support of Kabila (DP, AP),,,
625,500,19981003,19981003,1,3,5,0,4,0,9,0,9999999,500,0,0,0,1,0,1,0,0,0,1,1,Sudanese air raid in Uganda (AFP),,,
100,140,19981101,19981103,3,0,4,1,2,0,9,0,110,0,0,0,0,1,0,0,0,0,0,1,1,Columbian military planes attack rebels across border, land in Brazil without permission (BBC, AP),,,
710,840,19981103,19990216,1,3,4,0,9,4,1,0,0,0,0,0,0,0,1,0,0,1,0,1,0,China adds structures and troops to reef in waters disputed with Phillipines (AP, AFP),,,
200,451,19981225,19981226,1,0,1,0,1,0,9,0,0,0,0,0,0,0,0,0,0,0,1,0,0,Britain evacuates foreigners from Sierra Leone (IPS, UPI),,,
2420,404,19981228,19990607,4,0,3,1,0,2,1,0,0,0,0,1,1,0,0,9,1,0,0,0,0,ECOMOG peacekeepers intervene in Guinea-Bissau to end war there  (Xinh, AFP, AP),,,
775,800,19990112,19990208,9,9,5,0,0,5,1,1,0,0,0,0,0,0,0,0,0,1,0,1,1,Myanmar fires on Thai ship in territorial dispute on Andaman sea (Bernama, Xinh),,,
800,775,19990112,19990208,9,9,5,0,0,5,1,1,0,0,0,0,0,0,0,0,0,1,0,1,1,Thailand fires on Burmese ships territorial dispute on Andaman sea  (Bernama, Xinh),,,
1060,345,19990324,19990610,4,3,5,0,4,9,9,0,0,9999999,1,1,1,0,0,1,1,1,0,0,0,NATO carries out air strikes in Yugoslav territories in Operation Allied Force  (DP, TS, SM),,,
345,339,19990410,19990526,1,6,5,1,0,0,9,1,0,0,0,1,0,1,0,1,0,0,0,1,1,Yugoslav troops enter Albania (OC, AFP),,,
1060,339,19990411,19990901,4,0,3,3,0,0,9,0,9999999,9999999,0,0,1,0,0,1,1,0,0,0,0,NATO gives humanitarian aid to Albania in Op Allied Harbor (AFP, NATO),,,
345,344,19990420,19990428,1,3,4,1,0,0,9,0,0,0,0,0,0,0,0,0,0,1,0,1,1,Yugoslav forces cross UN zone in Croatia (AFP, BBC),,,
770,750,19990508,19990717,1,3,5,2,0,0,9,1,471,1887,0,0,0,0,0,1,0,1,0,1,1,Pakistani soldiers infiltrate Indian controlled area of Kashmir region, known as the Kargil War (DP, Global Sec.),,,
530,520,19990605,20010205,3,6,5,3,0,0,9,0,9999999,9999999,1,1,0,0,0,1,0,0,0,1,1,Heavy Ethiopian artillery shelling into Somalia (AFP, Xinh),,,
530,501,19990608,19990608,1,0,3,1,0,0,9,0,4,9999999,0,0,0,1,0,0,0,0,0,1,1,Ethiopia crosses border into Kenya to pursue Oromo Lib Army (AP, AFP),,,
365,345,19990611,19990619,1,0,3,1,0,0,9,0,0,0,1,9,9,0,0,1,9,0,0,0,1,Russia intervenes in Kosovo prior to KFOR (AFP, AP),,,
1060,345,19990611,88888888,4,0,3,4,2,9,9,0,9999999,9999999,1,1,1,0,0,1,1,1,0,0,0,NATO KFOR mission in Kosovo (NATO),,,
731,732,19990615,19990615,1,3,5,0,0,5,2,1,30,7,0,0,0,0,0,1,0,1,0,1,1,N. Korea engages in naval battle with heavy shelling against S.Korea over crab fishing rights (SFC, Kyodo),,,
820,840,19990623,19990623,1,3,9,0,0,2,9,0,0,0,0,0,0,0,1,1,0,1,0,1,0,Malysian navy takes disputed Sprately shoal from Philippines (AP),,,
640,630,19990719,19990719,1,0,5,0,4,0,9,0,9999999,9999999,0,0,0,1,0,0,0,0,0,1,1,Turkish air raids against PKK in Iran (UPI, Xinh, DP),,,
704,703,19990830,19991003,1,6,5,0,4,0,9,0,9999999,9999999,1,0,0,0,1,0,1,0,0,1,1,Uzbekistan air raids against Islamic militants in W Kyrgyzstan (AFP),,,
1014,490,19990831,88888888,4,0,3,9,2,9,9,0,9999999,9999999,0,0,0,0,0,0,1,0,0,0,0,UN (MONUC) to monitor ceasefire between the DRC and neigbouring states (UN Website, GM),,,
3850,860,19990920,20000228,4,1,5,3,2,4,9,0,9999999,9999999,0,0,1,0,0,0,1,0,0,0,0,Australia leads action in East Timor prior to UNTAET (AFP, FT),,,
702,703,19991002,19991003,1,1,5,0,4,0,9,0,9999999,9999999,1,0,0,0,1,0,1,0,0,0,1,Tajikistani air raids against Islamic militants in W Kyrgyzstan (AFP),,,
705,703,19991002,19991003,1,1,5,0,4,0,9,0,9999999,9999999,1,0,0,0,1,0,1,0,0,1,1,Kazak air raids against Islamic militants in W. Kyrgyzstan (AFP),,,
1014,451,19991022,20051231,4,1,3,4,2,9,9,0,171,3,0,1,0,0,1,1,1,0,0,0,0,UN (UNAMSIL) in Sierra Leone to help implement peace agreement (UN website),,,
1014,860,19991025,20020520,4,1,3,3,2,0,9,0,17,9999999,0,0,0,0,0,0,1,1,0,0,0,UN (UNTAET) operation in East Timor (UN website),,,
540,565,19991208,19991231,1,2,4,9,2,0,9,9,9999999,9999999,0,0,0,1,0,0,0,0,0,1,1,Namibia allows Angola to attack UNITA within Namibia, end date approx (AP),,,
220,437,19991226,19991228,3,0,4,1,3,0,9,0,9999999,9999999,1,1,0,0,1,1,0,0,1,0,0,French aid ousted Ivory Coast president after coup (AP, FT, LM),,,
565,540,20000107,20020918,1,2,5,9,0,0,9,0,9999999,9999999,0,0,0,1,0,1,0,0,0,1,1,Nambia pursues rebels into Angola (FT),,,
93,91,20000219,20000219,1,3,0,0,0,2,1,0,0,0,0,0,0,0,0,0,0,1,0,1,1,Nicaraguan patrol boat fires on Honduran naval vessel in disputed waters (AFP, Xinh),,,
540,551,20000417,20000530,1,6,5,1,4,0,9,0,0,4,0,0,0,1,0,0,0,0,0,1,1,Angolan troops fire on Zambian troops patrolling and violate Zambian airspace in pursuit of rebels (Allafrica, BBC),,,
200,451,20000508,20020728,1,2,3,2,2,4,2,0,9999999,9999999,1,0,0,0,0,1,1,0,1,0,0,Britain attempts to stabilize Sierra Leone in an operation separate from the concurrent UN operation (AP, DP, AFP),,,
115,110,20000605,20000605,1,3,4,0,3,4,1,0,0,0,0,0,0,0,1,1,0,1,0,1,1,Suriname gunboats and aircraft move into Guyana in a territoral dispute over oil rights (AP),,,
1014,530,20000731,88888889,4,0,2,2,9,9,9,0,13,999,0,0,0,0,0,1,1,0,0,0,0,UN (UNMEE) monitor discussion over border dispute between Ethiopia and Eritrea (UN website),,,
438,451,20000917,20010529,1,6,5,9,4,0,9,1,9999999,9999999,0,0,0,1,0,0,0,0,0,1,1,Guinea launches artillery attacks against Sierra Leone (AP, AllAfrica, AFP),,,
101,100,20001013,20001015,1,0,4,1,4,0,9,0,0,0,0,1,0,0,0,0,0,0,0,1,1,Venezuelan aircraft violate Colombian airspace and destroys property (BBC, FT),,,
775,771,20010108,20010108,1,3,4,9,0,0,9,1,0,0,0,1,0,0,1,0,0,1,0,1,1,Myanmar exchanges gunfire with Bangladeshi troops (Worldsource),,,
482,471,20010301,20010306,1,3,4,9,0,0,9,0,0,0,0,0,0,0,0,0,0,1,0,1,1,Central African Republic dismantles border customs post and occupies a small area of Camaroon (FT),,,
645,670,20010315,20010523,1,3,5,9,0,0,9,0,1,9999999,0,0,0,0,0,1,0,1,0,1,1,Iraqi troops fire on Saudi troops in cross border raid (AP, AFP),,,
666,660,20010416,20010701,1,5,5,0,4,0,9,0,0,8,1,1,0,0,0,1,0,0,0,1,1,Israeli air raid on a Syrian military position in Lebanon (AFP, AP),,,
771,750,20010416,20010619,1,3,5,1,0,0,9,1,3,16,0,0,0,0,0,0,0,1,0,1,1,Bangladeshi soldiers occupy homes in India (AP, Xinh, AFP),,,
2460,482,20010530,20021231,4,1,5,1,2,0,9,0,9999999,9999999,1,0,0,0,0,0,0,0,1,0,0,COMESSA peacekeeping mission following aborted coup in Central African Republic (BBC, AP, AFP),,,
630,373,20010728,20010729,1,3,4,0,3,0,9,0,0,0,0,0,0,0,1,1,0,1,0,1,1,Iranian planes violate Azerbaijan airspace in dispute over oil-rich territory (AFP),,,
1060,343,20010817,20030331,4,1,3,2,0,0,9,0,9999999,9999999,1,0,1,0,0,0,1,0,0,0,0,NATO peacekeeping mission to disarm ethnic Albanians in Macedonia (DP, NATO),,,
2,700,20011007,20011208,1,3,5,4,4,9,9,1,12,9999999,0,1,0,0,0,1,1,0,0,0,1,US forces attack Taliban positions in Afghanistan (Global Security, TASS),,,
200,700,20011007,20011208,1,3,5,3,4,9,9,1,54,9999999,0,1,0,0,0,1,1,0,0,0,1,British forces bomb Taliban stronghold in Afghanistan (BBC, AFP),,,
900,700,20011008,20011208,1,3,5,2,4,9,9,9,99999999,9999999,0,1,0,0,0,1,1,0,0,0,1,Australia deploy air force aircrafts to Afghanistan (AFP, AP),,,
20,700,20011018,99999999,1,3,3,2,2,9,9,0,22,9999999,0,0,0,0,0,1,1,0,0,0,1,Canada provides support to US led coalition in Afghanistan (Guard, HT),,,
220,700,20011021,20011208,1,3,5,3,4,9,9,0,9999999,9999999,0,0,0,0,0,1,1,0,0,0,1,France sends troops to Afghanistan as part of the US led coalition  (AP, USINFO.STATE.GOV),,,
560,516,20011028,88888888,1,1,3,2,2,0,1,0,9999999,9999999,0,0,1,0,0,0,1,0,0,0,0,South Africa deploys peackeeping force  in Burundi (FT, Xinh, AP),,,
540,551,20011109,20011127,1,0,5,9,0,0,9,0,10,0,0,0,0,1,0,0,0,0,0,1,1,Angolan troops raid villages in Zambia (Xinh, AllAfrica),,,
80,90,20011124,20011124,1,3,4,1,0,0,9,0,0,0,0,1,0,0,0,0,0,1,0,1,1,Belize troops enter Guatemala in territorial dispute (FT, AP),,,
2,700,20011220,88888888,1,1,3,4,3,9,9,0,215,9999999,0,0,0,0,0,1,1,0,0,0,1,US forces patrol and provide security and act as peacekeeping force in Afghanistan (globalsecurity.org),,,
3700,700,20011220,88888888,4,1,5,3,4,9,9,0,9999999,9999999,0,1,1,1,0,1,1,0,0,0,1,ISAF in Afghanistan to help stabilize for new provisional government, NATO takes command over ISAF Aug 11 2003 (UPI, DP, NATO website),,,
500,625,20020224,20040730,1,0,5,1,0,0,9,0,9999999,9999999,0,0,0,1,0,1,0,0,0,1,1,Uganda pursues rebels into Sudan (AFP, AP),,,
1014,860,20020520,20050520,4,0,2,3,2,9,9,0,13,0,0,1,0,0,0,1,1,0,0,0,0,UN (UNMISET) in East Timor (UN website),,,
600,230,20020712,20020717,1,3,3,1,0,9,1,0,0,0,0,0,0,0,0,0,0,1,0,0,1,Moroccan soldiers camp on island disputed with Spain (AP, FT),,,
230,600,20020717,20020922,1,3,3,1,3,4,2,0,0,0,0,0,0,0,0,0,0,1,0,0,1,Spanish forces evict Moroccans from disputed island (AP),,,
490,551,20020728,20020803,1,0,9,1,0,0,9,0,9999999,9999999,1,0,0,1,0,0,0,0,0,1,1,DRC soldiers cross into Zambia and destroy property (AFP),,,
365,372,20020730,20020823,1,6,4,1,4,0,9,0,9999999,9999999,0,0,0,1,0,1,0,0,0,1,1,Russia pursues Chechen rebels into Georgia (AFP, NYT),,,
483,482,20020806,20020806,1,3,5,9,0,0,9,0,9999999,9999999,0,1,0,1,0,0,0,0,0,1,1,Chadian troops cross into Central African Republic and attack troops and destroy radio station (AllAfrica, AFP),,,
640,350,20020916,20020920,1,3,0,0,3,0,9,0,0,0,0,0,0,0,0,1,0,1,0,1,1,Turkish jets cross into Greek airspace (AP),,,
220,437,20020922,88888888,1,0,3,2,3,2,1,0,0,0,1,1,1,0,0,1,1,0,1,0,0,French troops safeguard foreigners in Ivory Coast (AFP, AP, AFX),,,
540,437,20020923,88888888,1,1,5,1,2,0,9,0,9999999,9999999,1,0,0,0,0,1,0,0,0,0,0,Angolan troops support Ivory Coast government by protecting airport and the President (AFP),,,
2,437,20020925,20020929,1,0,1,1,1,0,9,0,0,0,0,0,0,0,0,0,0,0,1,0,0,US evacuates foreigners in Ivory Coast (AFP, AllAfrica, CW),,,
80,90,20021005,20021005,1,9,3,1,0,0,9,0,0,0,0,0,0,0,0,1,0,1,0,1,1,Belize soldiers cross border and arrest Guatemalans (AP),,,
2420,437,20021117,20040405,4,0,3,2,2,9,9,0,9999999,9999999,1,0,1,0,0,1,1,0,0,0,0,ECOMOG monitors ceasefire in Ivory Coast (Xinh, DP, AFP),,,
2431,482,20021204,88888888,4,1,3,1,9,0,9,0,9999999,9999999,1,1,0,0,1,1,0,0,0,0,0,CEMAC sends peacekeeping force to Central African Republic (AllAfrica, AFP, FT),,,
220,482,20030312,88888888,1,0,3,1,1,0,9,0,0,0,1,0,0,0,0,1,0,0,1,0,0,France sends troops to evacuate citizens and help stablize Central African Republic following a coup (AP, Xinh),,,
2,645,20030320,88888888,1,3,5,4,4,5,2,1,23385,9999999,0,1,0,0,1,1,0,0,0,0,1,US topples Iraqi government (DP, AFX, CNN),,,
200,645,20030320,88888888,1,3,5,4,4,9,9,1,101,9999999,0,1,0,0,0,1,1,0,0,0,1,UK troops launch attack on possible missle sites in Iraq (AFP, BBC),,,
900,645,20030320,88888888,1,0,2,2,2,9,9,0,9999999,9999999,0,0,0,0,0,0,1,0,0,0,1,Australia send troops as part of the Iraq coalition (Kyodo),,,
2220,343,20030331,20031215,4,1,3,1,9,0,9,0,9999999,9999999,1,1,1,0,0,0,1,0,0,0,0,European Union sends peacekeeping force to Macedonia (AFP, UPI, DP),,,
732,645,20030417,88888888,1,0,2,1,9,9,9,0,9999999,9999999,0,0,0,0,0,0,1,0,0,0,1,South Korea sends troops to Iraq to aid in rebuilding (AP),,,
339,645,20030422,88888888,1,0,3,1,9,9,9,0,9999999,9999999,0,0,0,0,0,0,1,0,0,0,1,Albania sends commando troops to Iraq (BBC) ,,,
316,645,20030424,88888888,1,0,2,1,9,9,9,0,9999999,9999999,0,0,0,0,0,0,1,0,0,0,1,Czech Republic sends peacekeepers to Iraq (AFP, AP),,,
2400,516,20030427,20040601,4,0,5,2,9,0,9,0,9999999,9999999,1,0,1,0,0,1,1,0,0,0,0,African Union deploys peacekeeping force to war-torn Burundi (AFP, DP),,,
325,645,20030502,20061202,1,0,3,2,2,0,9,0,35,9999999,0,0,0,0,0,0,1,0,0,0,1,Italy sends stablization force to Iraq (AFP, AP),,,
368,645,20030605,88888888,1,0,3,1,9,9,9,0,9999999,9999999,0,0,0,0,0,0,1,0,0,0,1,Lithuania sends stabilization force to Iraq (AFP, BNS),,,
2220,490,20030606,20030901,4,0,5,2,2,0,9,0,0,9999999,1,0,1,0,0,0,1,0,0,0,0,EU sends peacekeeping force to DRC in Op. Artemis (AFP, DP),,,
343,645,20030607,88888888,1,0,3,1,9,9,9,0,9999999,9999999,0,0,0,0,0,0,1,0,0,0,1,Macedonia sends peacekeepers to Iraq (DP, AFP),,,
220,450,20030609,20030610,1,0,1,9,1,1,1,0,0,0,0,0,0,0,0,0,0,0,1,0,0,France evacuates foreign nationals from Liberia (AllAfrica, TS, DP),,,
452,450,20030609,20060628,1,0,1,9,1,1,1,0,0,0,0,0,0,0,0,0,0,0,1,0,0,Ghana evacuates its embassy staff in Liberia (AFP, Xinh),,,
367,645,20030611,88888888,1,0,3,1,9,9,9,0,9999999,9999999,0,0,0,0,0,0,1,0,0,0,1,Latvia sends peacekeeping troops to Iraq (BNS, Xinh),,,
390,645,20030612,88888888,1,0,3,1,2,9,9,0,9999999,9999999,0,0,0,0,0,0,1,0,0,0,1,Denmark sends troops as part of the Iraq coalition (BBC),,,
290,645,20030703,88888888,1,0,5,2,9,9,9,0,9999999,9999999,0,0,0,0,0,0,1,0,0,0,1,Poland sends stabilzation force to Iraq (AP, AFP),,,
366,645,20030704,88888888,1,0,3,1,9,9,9,0,9999999,9999999,0,0,0,0,0,0,1,0,0,0,1,Estonia peacekeepers to Iraq (BNS),,,
385,645,20030709,20040705,1,0,3,1,9,9,9,0,9999999,9999999,0,0,0,0,0,0,1,0,0,0,1,Norway sends stabilization troops to Iraq (AP, AFP),,,
840,645,20030715,20040721,1,0,3,1,9,9,9,0,0,0,0,0,0,0,0,0,1,0,0,0,1,Phillipines send peacekeeping troops to Iraq (AP, AFX, EF),,,
3903,940,20030724,88888888,1,1,5,2,2,2,1,0,9999999,9999999,1,0,0,0,0,0,1,0,0,0,1,Austrailia leads regional peackeeping mission to Solomon Islands (AAP, ST, AFP),,,
210,645,20030725,20050416,1,0,5,2,9,9,9,0,2,9999999,0,0,0,0,0,0,1,0,0,0,1,Netherlands sends troops to Iraq (BBC, NYT),,,
230,645,20030727,20040521,1,0,5,2,2,2,2,0,9999999,9999999,0,0,0,0,0,1,1,0,0,0,1,Spain sends troops to Iraq (AFP, Xinh),,,
317,645,20030729,88888888,1,0,3,1,9,9,9,0,9999999,9999999,0,0,0,0,0,0,1,0,0,0,1,Slovenia sends soldiers to Iraq (AP),,,
360,645,20030731,88888888,1,0,5,1,9,9,9,0,9999999,9999999,0,0,0,0,0,0,1,0,0,0,1,Romania sends peacekeeping force to Iraq (AP, BBC),,,
372,645,20030804,88888888,1,0,3,1,9,9,9,0,9999999,9999999,0,0,0,0,0,0,1,0,0,0,1,Georgia sends troops for rebuilding effort in Iraq (AFP),,,
2420,450,20030804,20031001,4,0,5,2,2,9,9,0,9999999,9999999,1,1,0,0,0,0,1,0,1,0,0,ECOWAS sends peacekeepers to Liberia (AllAfrica, AFP, Xinh),,,
666,660,20030808,20030810,1,0,0,0,4,0,9,9,9999999,9999999,0,0,0,1,0,0,0,0,0,1,1,Israeli air raids against Hezbollah (AFP, UPI, DP),,,
2,450,20030811,20030930,1,0,4,2,2,4,1,0,0,0,1,1,0,0,0,1,1,0,0,0,0,US send peacekeepers to Liberia (Fed. Info, AFP, DP),,,
355,645,20030811,20051227,1,0,5,1,9,9,9,0,9999999,9999999,0,0,0,0,0,0,1,0,0,0,1,Bulgaria sends troops as part of the Iraq coalition (AP, Xinh),,,
373,645,20030816,88888888,1,0,3,1,2,9,9,0,9999999,9999999,0,0,0,0,0,0,1,0,0,0,1,Azerbaijan sends troops as part of the Iraq coalition (AFP),,,
705,645,20030819,88888888,1,0,3,1,9,9,9,0,9999999,9999999,0,0,0,0,0,0,1,0,0,0,1,Kazakhstan sends peacekeepers to Iraq (AP),,,
42,645,20030826,20040520,1,0,5,1,9,0,9,0,0,0,0,0,0,0,0,0,1,0,0,0,1,Dominican Republic sends troop to aid in reconstuction in Iraq (AFP),,,
91,645,20030826,20040520,1,0,5,1,0,0,9,0,0,0,0,0,0,0,0,0,1,0,0,0,1,Honduras sends troops to aid in Iraq reconstruction (AFP, Xinh),,,
92,645,20030826,88888888,1,0,2,1,9,9,9,0,9999999,9999999,0,0,0,0,0,0,1,0,0,0,1,EL Salvador sends peacekeeping troops to Iraq (AP, Xinh),,,
93,645,20030827,20040220,1,0,2,1,9,9,9,0,9999999,9999999,0,0,0,0,0,0,1,0,0,0,1,Nicaragua sends troops to aid humanitarian effort in Iraq (AP, Xinh),,,
310,645,20030828,20041222,1,0,2,1,2,9,9,0,1,9999999,0,0,0,0,0,0,1,0,0,0,1,Hungary sends troops to Iraq provide security for ambulance convoy (HN),,,
369,645,20030828,20051227,1,0,2,1,9,9,9,0,18,9999999,0,0,0,0,0,0,1,0,0,0,1,Ukraine sends troops as part of the Iraq coalition (Xinh, TASS),,,
800,645,20030904,20040928,1,0,2,1,9,9,9,0,2,9999999,0,0,0,0,0,0,1,0,0,0,1,Thailand sends ground troops to Iraq (AFP),,,
359,645,20030912,88888888,1,0,2,1,9,9,9,0,9999999,9999999,0,0,0,0,0,0,1,0,0,0,1,Moldova sends troops to Iraq to aid in peacekeeping (WP, AFP),,,
1014,450,20030919,88888888,4,0,2,4,9,9,9,0,78,9999999,0,0,0,0,0,1,1,0,1,0,0,UN (UNMIL) to ensure ceasefire in Liberia and provide humanitarian aid (UN website),,,
920,645,20030926,20040925,1,0,2,1,9,9,9,0,9999999,9999999,0,0,0,0,0,0,1,0,0,0,1,New Zealand sends troops to aid rebuilding in Iraq (AP, AFP),,,
666,652,20031005,20031005,1,6,5,0,4,0,9,0,9999999,0,0,0,0,1,0,0,0,0,0,1,1,Israeli air raid on Syria (Int'l Herald, FT, AP),,,
235,645,20031113,20050210,1,0,2,1,9,9,9,0,9999999,9999999,0,0,0,0,0,0,1,0,0,0,1,Portugal sends force to Iraq (AFP, IPS),,,
830,645,20031114,20060527,1,0,2,1,2,2,1,0,9999999,9999999,0,0,0,0,0,0,1,0,0,0,1,Singapore sends force to aid in Iraq rebuilding (AFP, Xinh),,,
101,100,20031220,20031227,1,0,4,1,9,0,9,0,0,0,0,0,0,1,0,0,0,0,0,1,1,Venezula pursues rebels in Colombia (UPI, Xinh),,,
740,645,20040119,99999999,1,0,9,1,9,9,9,0,9999999,9999999,0,0,0,0,0,0,1,0,0,0,1,Japan sends troops to Iraq (JPTS),,,
625,483,20040129,20040129,1,6,5,0,4,0,9,0,0,0,0,0,0,1,0,0,0,0,0,1,1,Sudanese conflict leads to bombing into Chad (DP, AFP) ,,,
2,41,20040229,20040601,1,3,3,2,2,2,2,0,0,9999999,0,1,0,0,0,1,0,0,0,0,1,US aids in restoring order in Haiti (AP, AFP),,,
220,41,20040301,20040625,1,3,3,1,2,0,9,0,0,9999999,0,1,0,0,0,1,0,0,0,0,0,France aids in restoring order in Haiti (AFP, UPI),,,
155,41,20040304,20040625,1,3,3,1,2,0,9,0,0,9999999,0,1,0,0,0,1,0,0,0,0,0,Chili aids in restoring order to Haiti (AFP, Xinh, AP),,,
20,41,20040312,20040625,1,3,3,1,2,0,9,0,0,9999999,0,1,0,0,0,1,0,0,0,0,0,Canada aids in restoring order to Haiti (AP, Barrier),,,
1014,437,20040405,88888888,4,0,5,2,2,9,9,0,9999999,9999999,0,0,1,0,0,1,1,0,0,0,0,UN (UNOCI) peacekeeping operation in Ivory Coast (DP, AFP, FT, UN Sec Council),,,
517,490,20040408,20040408,1,6,5,9,0,0,9,0,9999999,9999999,0,0,0,1,0,0,0,0,0,1,1,Rwanda pursues rebels in DRC (Econ., FT, Xinh),,,
2,770,20040502,20040420,1,6,3,9,0,0,9,0,0,0,0,0,0,1,0,0,0,0,0,0,1,US pursues Taliban insurgents into Pakistan (AFP),,,
2400,625,20040508,88888888,4,0,3,3,2,0,9,0,9999999,9999999,0,1,1,0,0,0,1,0,1,0,1,AU peacekeeping to protect cease fire monitors in Darfur region of Sudan (DP, AFP, FedInf),,,
1014,41,20040601,88888888,4,1,3,3,2,9,9,0,9999999,9999999,0,1,0,0,0,0,1,0,1,0,0,UN (MINUSTAH) provides security in Haiti following domestic strife (UN website),,,
1014,516,20040601,88888888,4,0,3,2,2,0,9,0,9999999,9999999,0,0,1,0,0,0,1,0,0,0,0,UN (ONUB) peacekeeping mission in Burundi following civil war (The Stimson Center),,,
955,645,20040702,20041217,1,0,2,1,0,0,9,0,9999999,9999999,0,0,0,0,0,0,1,0,0,0,1,Tonga sends peacekeeping troops to Iraq (PN, BBC),,,
220,483,20040731,88888888,2,1,3,1,2,0,9,0,9999999,9999999,0,0,0,0,0,1,1,0,0,0,1,France provides humanitarian aid and protection for Sudanese refugees fleeing to Chad (AFP, DP),,,
200,437,20041111,20041113,1,0,1,1,1,0,9,0,0,0,0,0,0,0,0,0,0,0,1,0,0,Britain evacuates nationals from Ivory Coast (UPI),,,
255,437,20041111,20041113,1,0,1,1,1,0,9,0,0,0,0,0,0,0,0,0,0,0,1,0,0,Germany evacuates nationals from Ivory Coast (AFP, BBC),,,
517,490,20041201,88888888,1,6,5,9,2,0,9,0,9999999,9999999,0,0,0,1,0,0,0,0,0,1,1,Rwanda pursues rebels in DRC (Econ., FT, Xinh),,,
255,625,20041216,20041224,1,0,2,1,2,0,9,0,0,0,0,0,0,0,0,0,1,0,0,0,0,Germany provides logistical support to Sudan (AFP),,,
750,780,20041226,20050121,1,1,2,3,2,2,1,0,0,0,0,0,0,0,0,0,1,0,0,1,1,India provides tsunami relief Sri Lanka (Indo-Asian, BBC),,,
750,781,20041228,20050121,1,1,2,3,2,2,1,0,0,0,0,0,0,0,0,0,1,0,0,1,1,India provides tsunami relief to Maldives (HT, BBC),,,
2,800,20041230,20050401,1,1,2,4,2,2,2,0,0,0,0,0,0,0,1,0,1,0,0,0,1,US provides tsunami relief to Thailand (AP, BBC),,,
2,850,20041230,20050126,1,1,2,4,2,2,2,0,0,0,0,0,0,0,1,0,1,0,0,0,0,US provides tsunami relief to Indonesia (FT, AFP, Scripps),,,
900,850,20041230,20050326,1,1,2,1,2,2,1,0,0,0,0,0,0,0,0,0,1,0,0,0,1,Australia provides tsunami relief to Indonesia (Nationwide, W.Aus),,,
920,850,20041230,20050326,1,1,2,1,2,9,9,0,0,0,0,0,0,0,0,0,1,0,0,0,1,New Zealand provides tsunami relief to Indonesia (AP, Xinh),,,
200,780,20050101,20050215,1,1,2,1,0,2,1,0,0,0,0,0,0,0,0,0,1,0,0,0,0,Britain provides tsunami relief to Sri Lanka (LT, BBC),,,
740,850,20050101,20050215,1,1,2,1,2,2,1,0,0,0,0,0,0,0,0,0,1,0,0,0,0,Japan provides tsunami relief to Indonesia (Kyodo, AP),,,
2,780,20050103,20050215,1,1,2,2,2,2,9,0,0,0,0,0,0,0,0,0,1,0,0,0,0,US provides tsunami relief to Sri Lanka (AFP, AP),,,
770,780,20050103,20050302,1,1,2,1,2,2,1,0,0,0,0,0,0,0,0,0,1,0,0,0,0,Pakistan provides tsunami relief to Sri Lanka (PT, BBC),,,
750,850,20050104,20050120,1,1,2,3,0,2,1,0,0,0,0,0,0,0,0,0,1,0,0,1,0,India provide troops to Indonesian aid following earthquake (Indo-Asian News),,,
830,850,20050108,20050215,1,1,2,1,9,9,9,0,0,0,0,0,0,0,0,0,1,0,0,0,1,Singapore establishes relief base in Indonesia (NP),,,
230,850,20050113,20050215,1,1,2,1,2,2,1,0,0,0,0,0,0,0,0,0,1,0,0,0,0,Spain provides tsunami relief to Indonesia (BBC, EuroNews, Xinh),,,
2,41,20050201,20050513,1,0,3,1,0,2,1,0,0,0,0,0,0,0,0,0,1,0,0,1,0,US troops build schools and provide medical aid in Haiti (AP, Navy Newsstand),,,
775,800,20050415,20050415,1,3,5,1,0,0,9,0,0,1,0,0,0,0,0,0,0,1,0,1,1,Burmese troops cross into Thailand (BBC),,,
1014,625,20050427,88888888,4,0,2,3,2,0,9,0,9999999,9999999,0,0,0,0,0,1,1,0,0,0,0,UN (UNMIS) peacekeepers in Sudan (UPI, UN website),,,
771,750,20051004,20051014,1,0,4,1,0,0,9,0,0,0,0,0,0,0,0,0,0,1,0,1,1,Bangladeshi force crosses border into India (AFP),,,
2,770,20051010,20060330,1,1,2,2,2,0,9,0,0,0,0,0,0,0,0,0,1,0,0,0,1,US troops give humanitarian aid to Pakistan after earthquake (FT, Reuters),,,
1060,770,20051106,20060131,4,1,2,2,2,0,9,0,0,0,0,0,0,0,0,0,1,0,0,0,1,Nato troops give humanitarian aid to Pakistan after earthquake (US Fed News, UPI),,,
100,130,20051111,20051111,1,0,5,1,4,0,9,0,0,0,0,0,0,1,0,0,0,0,0,0,1,Colombian aircraft in Equador pursuing Colombian rebels (BBC, Xinh),,,
900,770,20051113,20060330,1,1,3,1,2,0,9,0,0,0,0,0,0,0,0,0,1,0,0,0,0,Australian troops give earthquake relief to Pakistan (GN, AFP),,,
40,680,99999999,19760311,1,1,9,9,3,9,9,9,999,999,0,1,0,0,9,1,0,0,9,0,0,Dhofar Reb.-Peterson/Keesings,,,
